# event.csv 2023/12/15 15:07:55,,,,, 
p21j]v1]v7[v7:12,2,S,v,v,2
TI9`#X9#Xe/XeC9e,X,`e,I,X,X
<QLvDtLDt[wt[RvQ,t,ve,Q,t,t
C~j]cDjcDR!DRP]R,~,[,D,~,~
.i02~Q0~QcGQNxQc,i,D,Q,Q,i
r&uz{8u{8fN8<l8x,8,z&,&,8,8
}# $eh ehTxhlOh2,h,$h,#,h,h
/7/_ml/ml0rla3/l,7,,7,7,7
dGS[!wS!wuaw*iS[,G,B,w,G,G
v-:P1g:1gtKgg}gp,-,i,g,g,-
c0P1jLPjL(SLL6LC,L,10,0,L,L
K_%x-5%-5>L55k5G,5,x5,_,5,5
nqGJ)CG)C+dCCvGC,q,,q,q,q
bP4+Xb4Xb{~bbe4+,P,2,b,P,P
-jXpMKXMK8lKK4K_,j,^,K,K,j
 |5Wr)5r)nt))])},),W|,|,),)
EFt(Z$tZ$2T$$y$3,$,($,F,$,$
MsZC.nZ.n^HnntZn,s,,s,s,s
kEofqNoqNp.NNrof,E,C,N,E,E
